{
  "name": "calcpro-calculator-suite",
  "version": "1.0.0",
  "description": "Professional calculator web application with financial, health, math, and utility calculators",
  "private": true,
  "homepage": ".",
  "dependencies": {
    "react": "^18.2.0",
    "react-dom": "^18.2.0",
    "react-router-dom": "^6.8.0",
    "react-scripts": "5.0.1"
  },
  "scripts": {
    "start": "react-scripts start",
    "build": "react-scripts build",
    "test": "react-scripts test",
    "eject": "react-scripts eject",
    "serve": "serve -s build"
  },
  "eslintConfig": {
    "extends": [
      "react-app",
      "react-app/jest"
    ]
  },
  "browserslist": {
    "production": [
      ">0.2%",
      "not dead",
      "not op_mini all"
    ],
    "development": [
      "last 1 chrome version",
      "last 1 firefox version",
      "last 1 safari version"
    ]
  },
  "devDependencies": {
    "serve": "^14.2.0"
  },
  "engines": {
    "node": ">=16.0.0",
    "npm": ">=8.0.0"
  },
  "keywords": [
    "calculator",
    "math",
    "financial",
    "mortgage",
    "bmi",
    "percentage",
    "react",
    "web-app"
  ],
  "author": "CalcPro Team",
  "license": "MIT"
}